name,id,price,brand,category,position
Cimento Branco Saco com 1kg MASCOTE / REF. 000000000000539,49601,4.9,MASCOTE,MATERIAIS DE CAMPO > CIMENTO,1
Cimento Forte Multiuso CPII 50kg CIMENTO FORTE / REF. 51150028,998587,37.9,CIMENTO FORTE,MATERIAIS DE CAMPO > CIMENTO,2
Piso Cerâmico Cimento cinza cimento 60x60  HD Tipo A POINTER / REF. 40260E,914981,36.9,POINTER,PISOS > PISOS CERÂMICOS,3
Piso Cerâmico Cimento Branco Cimento 60x60 HD Tipo A POINTER / REF. 40259E,899402,36.9,POINTER,PISOS > PISOS CERÂMICOS,4
"Espelheira Ori 78x44,1cm Cimento MGM / REF. 19190.40",983676,393.9,MGM,MÓVEIS PARA BANHEIRO > ESPELHEIRAS PARA BANHEIRO,5
Argamassa Cimento Queimado 5kg Mineral PORTOKOLL / REF. 655560,953535,134.9,PORTOKOLL,ARGAMASSAS E REJUNTES > ARGAMASSAS,6
Argamassa Cimento Queimado 5kg Fendi PORTOKOLL / REF. 655558,953536,129.9,PORTOKOLL,ARGAMASSAS E REJUNTES > ARGAMASSAS,7
"Espelheira MDF 48X80,5 Monet Cimento MGM / REF. 22470.40",991703,504.9,MGM,MÓVEIS PARA BANHEIRO > ESPELHEIRAS PARA BANHEIRO,8
Espelheira MDF 60x60 Lua Cimento MGM / REF. 22469.40,991707,483.9,MGM,MÓVEIS PARA BANHEIRO > ESPELHEIRAS PARA BANHEIRO,9
"Texturizador Acrilico LT4,4KG Decoratto Marmore Cimento Queimado - Ref. 279329601 - IQUINE",918742,86.9,IQUINE,COMPLEMENTOS > TEXTURAS,10
Porcelanato Balance Cimento Ivory 76x76 Tipo A PAMESA / REF. 180565150986,941941,86.9,PAMESA,PORCELANATOS > PORCELANATOS ACETINADOS,11
Cera Liquida para Cimento Queimado 500ml Incolor PORTOKOLL / REF. 655128,953531,59.9,PORTOKOLL,ARGAMASSAS E REJUNTES > ARGAMASSAS,12
Porcelanato Balance Cimento Tipo A Ivory 58x58 PAMESA / REF.: 180455150986,980160,56.9,PAMESA,PORCELANATOS > PORCELANATOS ACETINADOS,13
Porcelanato Balance Cimento Ivory AS 76x76 Tipo A PAMESA / REF. 180565150988,941943,89.9,PAMESA,PORCELANATOS > PORCELANATOS ACETINADOS,14
Porcelanato 58x58 Balance Cimento Grey Acetinado Retificado Tipo A - Ref.180450490986 - PAMESA,973607,56.9,PAMESA,PORCELANATOS > PORCELANATOS ACETINADOS,15
"Papel de Parede Vinílico Cimento Queimado Rústico Bege 9,5m BOBINEX / REF. PP217",980552,99.9,BOBINEX,QUARTO E SALA > PAPÉIS PAREDE,16
"Tinta Acrílica 4,8Kg Decora Efeito Cimento Queimado Tubarão Branco CORAL / REF. 5825425",992176,189.9,CORAL,TINTAS ACRÍLICAS > ACRÍLICAS PREMIUM,17
Porcelanato 76x76 Balance Cimento Ivory Polido Retificado Tipo A - Ref. 40565151062 - PAMESA,971844,99.9,PAMESA,PORCELANATOS > PORCELATOS POLIDOS,18
"Papel de Parede Vinílico Cimento Queimado Rústico Cinza 9,5m BOBINEX / REF. PP216",980551,99.9,BOBINEX,QUARTO E SALA > PAPÉIS PAREDE,19
Piso Esmaltado Cimento Branco Acetinado 46x46 Tipo A INCENOR / REF. PSI 67080,999708,35.9,INCENOR,PISOS > PISOS CERÂMICOS,20
"Gabinete Suspenso em MDF para Banheiro com Cuba 67,9x65,1cm Frise Cimento MGM / REF. 19185.40",983647,1173.9,MGM,MÓVEIS PARA BANHEIRO > GABINETES PARA BANHEIRO,21
"Gabinete Suspenso em MDF para Banheiro com Cuba 67,9x84,3cm Frise Cimento MGM / REF. 19186.40",983650,1323.9,MGM,MÓVEIS PARA BANHEIRO > GABINETES PARA BANHEIRO,22
"Gabinete Suspenso em MDF para Banheiro com Cuba 67,9x61,3cm Vitta Cimento MGM / REF. 19187.40",983630,1047.9,MGM,MÓVEIS PARA BANHEIRO > GABINETES PARA BANHEIRO,23
Broca de Aço Carbono 5/16 Polegadas para Madeira e Fibrocimento - Ref. 4148516120 - VONDER,80245,16.9,VONDER,BROCAS > BROCAS PARA USO GERAL,24
Caixa para Medidor Monofásica 07 Neoenergia com Visor de Vidro Padrão PE/BA/RN - Ref. 46000192 - INPLAST,962610,44.9,INPLAST,"CAIXAS, QUADROS E DISJUNTORES > CAIXAS",1
Caixa de Luz 4x4 em PVC Quadrada Amarela FORTLEV / REF. 13050441,995578,2.69,FORTLEV,"CAIXAS, QUADROS E DISJUNTORES > CAIXAS",2
Caixa Sifonada PVC 250x230x75 Redonda Branca 134 - Ref.27131344 - TIGRE,100848,125.9,TIGRE,ACESSÓRIOS HIDRÁULICOS > ACESSÓRIOS HIDRÁULICOS DE USO GERAL,3
Caixa Acoplada 3 e 6 Litro Ecoflusch Infantil Branca - Ref.1085700015300 - CELITE,287859,638.9,CELITE,BACIAS E CAIXAS > CONJUNTOS BACIAS COM CAIXAS ACOPLADAS,4
Caixa D Água Polietileno 500 Litros Cônica Com Tampa Baixa - Ref.02010005 - FORTLEV,42007,229.9,FORTLEV,RESERVATÓRIOS DE ÁGUA > CAIXAS DÁGUA,5
Caixa Acoplada 3 e 6 Litros Ecoflush Like Branca - Ref. 1645600015300 - CELITE,907468,329.9,CELITE,BACIAS E CAIXAS > CONJUNTOS BACIAS COM CAIXAS ACOPLADAS,6
Caixa de Inspeção Polipropileno 100x100mm Porta+Tampa - Ref.27801056 - TIGRE,100583,399.9,TIGRE,ACESSÓRIOS HIDRÁULICOS > ACESSÓRIOS HIDRÁULICOS DE USO GERAL,7
Caixa Acoplada 6 Litros Saveiro P Pergamon - Ref.1555700592300 - CELITE,945999,199.9,CELITE,BACIAS E CAIXAS > CONJUNTOS BACIAS COM CAIXAS ACOPLADAS,8
Caixa para Ferramenta Plástica 17 Polegadas Preta - Ref.43804117 - TRAMONTINA,947951,98.9,TRAMONTINA,ACESSÓRIOS PARA FERRAMENTAS > ACESSÓRIOS PARA FERRAMENTAS DE USO GERAL,9
"Caixa de Descarga Plástica 6,8L Bege TIGRE / REF. 100018100",928997,46.9,TIGRE,ACESSÓRIOS SANITÁRIOS > CAIXAS DE DESCARGA,10
Caixa Sistema ABS 1 Módulo Lizflex - Ref.57303/001 - TRAMONTINA,959393,10.9,TRAMONTINA,"CAIXAS, QUADROS E DISJUNTORES > CAIXAS",11
Caixa  Água Polietileno 2000 Litros Cônica Com Tampa - Ref.02020001 - FORTLEV,56179,1339.9,FORTLEV,RESERVATÓRIOS DE ÁGUA > CAIXAS DÁGUA,12
Caixa Box 100x100x50 Baixa Sem Embutes - Ref.914051 - CEMAR,918813,27.9,CEMAR,"CAIXAS, QUADROS E DISJUNTORES > CAIXAS",13
"Caixa de Descarga Plástica 6,8L Branco TIGRE / REF. 100018098",928995,39.9,TIGRE,ACESSÓRIOS SANITÁRIOS > CAIXAS DE DESCARGA,14
Caixa de Medição Energia Trifásica PE/BA/RN - Ref.460020 - INPLAST,970362,136.9,INPLAST,"CAIXAS, QUADROS E DISJUNTORES > CAIXAS",15
Caixa Térmica em Polipropileno 34 Litros Azul - Ref. 25108161 - MOR,959853,98.9,MOR,CHURRASCO > ISOTÉRMICOS,16
Caixa Térmica 34 Litros Cinza MOR / REF. 25108167,991845,109.9,MOR,CHURRASCO > ISOTÉRMICOS,17
Caixa de Gordura em PVC com Cesto 50x100mm FORTLEV / REF. 11760211,995529,309.9,FORTLEV,ACESSÓRIOS HIDRÁULICOS > ACESSÓRIOS HIDRÁULICOS DE USO GERAL,18
Caixa de Luz Octogonal em PVC para Laje 30cm Laranja FORTLEV / REF. 14620301,995582,8.9,FORTLEV,"CAIXAS, QUADROS E DISJUNTORES > CAIXAS",19
Caixa de Ferramentas com Bandeja Removível 19 Polegadas STANLEY / REF. 19-013,891235,115.9,STANLEY,ACESSÓRIOS PARA FERRAMENTAS > ACESSÓRIOS PARA FERRAMENTAS DE USO GERAL,20
Caixa Acoplada 3 e 6 Litros Izy Ravena Aspen Fast Cinza Real - Ref. CD.00F.87 - DECA,89251,369.9,DECA,BACIAS E CAIXAS > CONJUNTOS BACIAS COM CAIXAS ACOPLADAS,21
Caixa D água Polietileno 5000 Litros Cônica Com Tampa - Ref.02020010 - FORTLEV,899585,3299.9,FORTLEV,RESERVATÓRIOS DE ÁGUA > CAIXAS DÁGUA,22
Caixa Térmica em Polipropileno 34 Litros Verde Escuro - Ref.25108168 - MOR,959883,98.9,MOR,CHURRASCO > ISOTÉRMICOS,23
Caixa Térmica 6 Litros Vermelho MOR / REF. 25108202,991832,59.9,MOR,CHURRASCO > ISOTÉRMICOS,24
Porta Detergente de Plástico Transparente Translucido - Ref.UZ354-TR - UZ ,938029,24.9,UZ UTILIDADES,COZINHA > ORGANIZAÇÃO DA COZINHA,1
Porta Escova com Tampa Premium Vermelho Transparente - Ref.UZ520-VM - UZ ,938056,24.9,UZ UTILIDADES,ACESSÓRIOS E UTENSÍLIOS DE LAVANDERIA > UTENSÍLIOS PARA LAVANDERIA,2
Porta Cadeado 4 1/2 Ferro Galvanizado - Ref. 20C-FG - ISERO,969591,24.9,ISERO,FERRAGENS > OUTRAS FERRAGENS,3
Porta Algodão 350ml em Polipropileno Preto - Ref. SR1602/11 - SANREMO,976217,17.9,SANREMO,CASA > ORGANIZAÇÃO DA CASA,4
Porta Bolo Plástico M Redondo Transparente - Ref. 335 - SANREMO,976378,29.9,SANREMO,ACESSÓRIOS E UTENSÍLIOS DE COZINHA > UTENSÍLIOS DE COZINHA,5
Porta de Giro Duplo Basculante Home 2 Folhas de Vidro Canelado 100X210 Alumínio Branco QUALITY / REF. HOB042005,981702,879.9,QUALITY,PORTAS > PORTAS DE ALUMÍNIO,6
Porta Guardanapo em Aço Inox Jornata - Ref.1600/100 - BRINOX,86437,15.9,BRINOX,COZINHA > ORGANIZAÇÃO DA COZINHA,7
Porta Toalha Barra em Metal 60cm Flat Ouro Polido - Ref.00961343 - DOCOL,962444,759.9,DOCOL,ACESSÓRIOS SANITÁRIOS > ACESSÓRIOS AVULSOS,8
Porta Toalha Barra de Rosto em Metal 30cm Flat Grafite Polido - Ref.01013648 - DOCOL,962483,459.9,DOCOL,ACESSÓRIOS SANITÁRIOS > ACESSÓRIOS AVULSOS,9
Porta Toalha em Metal Argola Flex Cromado - Ref.2050.C.FLX - DECA,67318,207.9,DECA,ACESSÓRIOS SANITÁRIOS > ACESSÓRIOS AVULSOS,10
Porta Frios Plástico 22x14cm PSF Vermelho - Ref.UZ173-VM - UZ,905720,24.9,UZ UTILIDADES,COZINHA > ARMAZENAR,11
"Porta Cortina 2,00m em Aço Kit Box Branco - Ref.371004-200 - IMPERIAL ARTES",922108,6.9,IMPERIAL ARTES,CORTINAS E PERSIANAS > ACESSÓRIOS PARA CORTINAS E PERSIANAS,12
Porta Escova com Tampa Premium Preto Transparente - Ref.UZ520-PR - UZ,938050,24.9,UZ UTILIDADES,ACESSÓRIOS E UTENSÍLIOS DE LAVANDERIA > UTENSÍLIOS PARA LAVANDERIA,13
Porta Sabonete Líquido Plástico Full Rosa Blush - Ref.10446/0467 - COZA,939477,24.9,COZA,COZINHA > ORGANIZAÇÃO DA COZINHA,14
Porta Papel Toalha Plástico de Mesa Slim Vermelho UZ / REF. UZ411-VM,994158,17.9,UZ UTILIDADES,COZINHA > ORGANIZAÇÃO DA COZINHA,15
Porta Guardanapo Plástico UZ418 Verde Menta UZ / REF. UZ418-VEM,994176,7.9,UZ UTILIDADES,COZINHA > ORGANIZAÇÃO DA COZINHA,16
Porta Sabonete Líquido Plástico 350ml Slim Rosé UZ / REF. UZ545-ROSE,994207,36.9,UZ UTILIDADES,ACESSÓRIOS E UTENSÍLIOS DE LAVANDERIA > UTENSÍLIOS PARA LAVANDERIA,17
Porta Grelha Redonda PVC 150mm N67 Branco - Ref. 0953 - KRONA,894765,5.45,KRONA,ACESSÓRIOS HIDRÁULICOS > ACESSÓRIOS HIDRÁULICOS DE USO GERAL,18
Porta Condimentos de Plástico 300ml Plus Vermelho - Ref.UZ201-VM - UZ,900565,6.9,UZ UTILIDADES,COZINHA > ARMAZENAR,19
Porta Madeira 80x210 Frisada Duratex Mogno M02 - Ref.1429 - KDK,901031,199.9,KDK,PORTAS > PORTAS DE MADEIRA,20
Porta de Giro Lado Direito Postigo de Alumínio Natural com Folha de Vidro Canelado Home 80x210 QUALITY / REF. EMC045001,980972,489.0,QUALITY,PORTAS > PORTAS DE ALUMÍNIO,21
"Porta Grelha Redondo 9,7cm Cinza ASTRA / REF. PG12",983308,5.9,ASTRA,ACESSÓRIOS HIDRÁULICOS > ACESSÓRIOS HIDRÁULICOS DE USO GERAL,22
Porta Thalher de Plástico Sólido com Tampa Amarelo Claro - Ref.uz330-amc - UZ,962955,15.9,UZ UTILIDADES,COZINHA > ORGANIZAÇÃO DA COZINHA,23
Porta Thalher de Plástico Sólido com Tampa Verde Menta - Ref.uz330-vem - UZ,962956,34.9,UZ UTILIDADES,COZINHA > ORGANIZAÇÃO DA COZINHA,24
Telha Capa Lateral Colonial Cerâmica - Ref.2.301.5012 - PRECONVC,947243,39.9,PRECONVC,TELHAS > TELHAS DE PVC,1
"Telha CRFS 2,44x0,50 Fibrotex 4mm - Ref.210042445 - BRASILIT",22456,24.8,BRASILIT,TELHAS > TELHAS DE FIBROCIMENTO,2
"Telha Ecológica Clássica 0,95x2m Vermelha ONDULINE / REF. P 5204 BR",893527,85.9,ONDULINE,TELHAS > TELHAS DE FIBRA VEGETAL,3
"Telha Pvc 0,86x1,97 Colonial Cerâmica - Ref. 23011197 - PRECONVC",978672,109.9,PRECONVC,TELHAS > TELHAS DE PVC,4
Telha Ecológica Stilo 3D 96cmx2Metros Vermelho ONDULINE / REF. P72A4BR,985542,85.9,ONDULINE,TELHAS > TELHAS DE FIBRA VEGETAL,5
Telha Ecológica Clássica Fit 200x75cm Vermelho ONDULINE / REF. P3804BR,985540,79.9,ONDULINE,TELHAS > TELHAS DE FIBRA VEGETAL,6
"Telha PVC Plan 0,88x1,98 Concreto PRECONVC / Ref. 23049198",978691,77.9,PRECONVC,TELHAS > TELHAS DE PVC,7
"Telha CRFS 1,10x1,22 5mm Topconfort Branca - Ref.225151225 - BRASILIT",922943,67.9,BRASILIT,TELHAS > TELHAS DE FIBROCIMENTO,8
"Telha CRFS 1,10x2,44 Ondulada 6mm - Ref.220162445 - BRASILIT",25325,109.9,BRASILIT,TELHAS > TELHAS DE FIBROCIMENTO,9
"Telha PVC Plan 0,88 x 2,42Cerâmica PRECON /  REF. 23019242",947231,95.9,PRECONVC,TELHAS > TELHAS DE PVC,10
"Telha Ecológica Clássica 0,95x2m Verde ONDULINE / REF. P 5106 BR",30108,85.9,ONDULINE,TELHAS > TELHAS DE FIBRA VEGETAL,11
"Telha CRFS 1,10x2,44 Topconfort 5mm Branca - Ref.225152445 - BRASILIT",923836,129.9,BRASILIT,TELHAS > TELHAS DE FIBROCIMENTO,12
"Telha Translúcida Polipropileno 0,50x2,44m 1,1mm Perfil 75 - Ref.57 - GRANPLAST",875137,70.9,GRANPLAST,TELHAS > TELHAS DE PVC,13
"Telha Translúcida 2,44 x 1,10 Metros 1,1mm BRASILIT / REF. 639022447",985892,159.9,BRASILIT,TELHAS > TELHAS DE PVC,14
"Telha CRFS 1,10x3,05 Ondulada 6mm - Ref.220163055 - BRASILIT",27117,149.9,BRASILIT,TELHAS > TELHAS DE FIBROCIMENTO,15
"Telha PVC Plan 0,88x1,98 Cerâmica PRECONVC / Ref. 23019198",978689,88.9,PRECONVC,TELHAS > TELHAS DE PVC,16
"Telha Pvc 0,88x1,98 Plan Marfim - Ref. 23029198 - PRECONVC",978690,89.9,PRECONVC,TELHAS > TELHAS DE PVC,17
"Telha CRFS 1,10x2,13 Ondulada 6mm - Ref.220162135 - BRASILIT",22455,109.9,BRASILIT,TELHAS > TELHAS DE FIBROCIMENTO,18
"Telha CRFS 1,10x1,53 6mm Ondulada - Ref.220161535 - BRASILIT",22459,75.9,BRASILIT,TELHAS > TELHAS DE FIBROCIMENTO,19
"Telha CRFS 1,10x1,83 Residencial 5mm - Ref.222151835 - BRASILIT",22461,75.9,BRASILIT,TELHAS > TELHAS DE FIBROCIMENTO,20
"Telha Pvc 0,86x1,97 Colonial Marfim - Ref. 23021197 - PRECONVC",978688,89.9,PRECONVC,TELHAS > TELHAS DE PVC,21
Telha Ecológica Stilo 3D 96cmx2Metros Verde ONDULINE / REF. P72A6BR,985543,99.9,ONDULINE,TELHAS > TELHAS DE FIBRA VEGETAL,22
"Telha Translúcida 2,44 x 0,50 Metros 1mm BRASILIT / REF. 639012447",985893,69.9,BRASILIT,TELHAS > TELHAS DE PVC,23
"Telha CRFS 1,10x2,13 Residencial 5mm - Ref.222152135 - BRASILIT",22462,99.9,BRASILIT,TELHAS > TELHAS DE FIBROCIMENTO,24
"Massa Acrílica 1,5kg Branco CORAL / REF. 5202598",24879,18.9,CORAL,MASSAS > MASSAS ACRÍLICAS,1
Massa Para Madeira Base Água 6kg IQUINE / REF. 199300001,871759,98.9,IQUINE,MASSAS > MASSAS ACRÍLICAS,2
Massa Única Uso Geral 20kg MASCOTE / REF. 000000000000563,53888,16.9,MASCOTE,MATERIAIS DE CAMPO > OUTROS MATERIAIS DE CAMPO,3
"Massa Acrílica 5,7Kg Branco CORAL / REF. 5777542",985584,62.9,CORAL,MASSAS > MASSAS ACRÍLICAS,4
"Massa Para Madeira Coralit 1,5kg Branco CORAL / REF. 5203065",24868,32.9,CORAL,MASSAS > MASSAS ACRÍLICAS,5
"Massa Para Madeira Base Água 1,5kg IQUINE / REF. 199300004",871762,29.9,IQUINE,MASSAS > MASSAS ACRÍLICAS,6
Massa Acrílica Balde 25kg Delanil IQUINE / Ref. 141300026,945705,179.9,IQUINE,MASSAS > MASSAS ACRÍLICAS,7
Massa Acrílica 25kg Branco CORAL / REF. 5565294,970736,229.9,CORAL,MASSAS > MASSAS ACRÍLICAS,8
"Massa Corrida 5,4kg Branco IQUINE / REF. 60300002",74637,31.9,IQUINE,MASSAS > MASSAS PVA,9
Massa Asfáltica para Impermeabilização 20kg Preto VEDACIT / REF. 112110,955650,479.9,VEDACIT,IMPERMEABILIZANTES > MANTAS IMPERMEABILIZANTES,10
"Massa Corrida 1,35kg Branco IQUINE / REF. 60300004",873684,15.9,IQUINE,MASSAS > MASSAS PVA,11
"Massa Corrida 1,5kg Branco CORAL / REF. 5202612",25625,11.9,CORAL,MASSAS > MASSAS PVA,12
"Massa Acrílica 3,6 Litros IQUINE / REF. 141300001",74650,49.9,IQUINE,MASSAS > MASSAS ACRÍLICAS,13
"Massa Asfáltica para Impermeabilização 3,9kg Preto VEDACIT / REF. 121784 ",959797,94.9,VEDACIT,IMPERMEABILIZANTES > MANTAS IMPERMEABILIZANTES,14
Massa Plástica Série Especial Branca 1kg - Ref. 031835-34 - ANJO TINTAS,917287,34.9,ANJO,COMPLEMENTOS > MASSAS,15
Massa Corrida 20kg Branco HIPERCOR / REF. 603300072,982761,49.9,HIPERCOR,MASSAS > MASSAS PVA,16
Massa de Polir 350g Base Dagua com Finalizador - Ref. 14641 - RODABRIL,938590,26.9,RODABRILL,LIMPEZA E MANUTENÇÃO AUTOMOTIVAS > LIMPEZA E POLIMENTO AUTOMOTIVO,17
Massa Corrida 25kg Branco CORAL / REF. 5565231,970733,65.9,CORAL,MASSAS > MASSAS PVA,18
"Massa Corrida 5,7Kg Branco CORAL / REF. 5777544",985581,26.9,CORAL,MASSAS > MASSAS PVA,19
"Massa para Madeira 5,7Kg Coralit Branco CORAL / REF. 5777540",985586,89.9,CORAL,MASSAS > MASSAS ACRÍLICAS,20
Massa Acrílica 25kg Branco HIPERCOR / REF. 604300061,990335,157.9,HIPERCOR,MASSAS > MASSAS ACRÍLICAS,21
Massa Epóxi 100 g Polyepox PULVITEC / REF. DA005,18608,9.9,PULVITEC,"COMPLEMENTOS > FITAS, ADESIVOS E COLAS",22
Massa Calafetar 350g - Ref. UA002 - PULVITEC ,20751,16.9,PULVITEC,"COMPLEMENTOS > FITAS, ADESIVOS E COLAS",23
Massa Epóxi 100G Durepoxi Cinza Loctite - Ref. 2087064 - HENKEL,22868,10.9,HENKEL,"COMPLEMENTOS > FITAS, ADESIVOS E COLAS",24
Tinta Esmalte Alto Brilho 750ml Dialine Seca Rápido Camurça IQUINE / REF. 62201683,994501,41.9,IQUINE,TINTAS ESMALTES > ESMALTES PREMIUM,1
"Tinta Acrílica Fosca 3,6L Acaba Com O Mofo Branco Gelo IQUINE / REF. 233300301",881264,72.9,IQUINE,TINTAS ACRÍLICAS > ACRÍLICAS PREMIUM,2
Tinta Betum 18 Litros Neutrol Acqua Base Água - Ref.112118 - VEDACIT,888485,749.9,VEDACIT,COMPLEMENTOS > NEUTRALIZADORES,3
"Tinta Acrílica Fosca Renova Paredes 3,2L Branco Gelo CORAL/ REF. 5299894",931309,124.9,CORAL,TINTAS ACRÍLICAS > ACRÍLICAS PREMIUM,4
"Tinta Asfáltica Igol S 3,6L Preto SIKA / REF. 478272 ",926649,159.9,SIKA,COMPLEMENTOS > NEUTRALIZADORES,5
Tinta Esmalte Sintético Alto Brilho Coralit Ultra Resistência 900ML Creme CORAL/ REF. 5202749,61374,55.9,CORAL,TINTAS ESMALTES > ESMALTES PREMIUM,6
Tinta Esmalte Sintético Alto Brilho Coralit Ultra Resistência 900ML Marfim CORAL/ REF. 5202751,61375,55.9,CORAL,TINTAS ESMALTES > ESMALTES PREMIUM,7
Tinta Esmalte Sintético Brilhante Hammerite Premium Marrom 800ml - Ref. 5202885 - CORAL,62370,89.9,CORAL,TINTAS ESMALTES > ESMALTES PREMIUM,8
"Tinta Acrílica Fosca Pinta Piso 3,6L Preto CORAL/ REF. 5202456",64099,108.9,CORAL,TINTAS ACRÍLICAS > ACRÍLICAS STANDARD,9
"Tinta Acrílica Fosca Pinta Piso 3,6L Azul CORAL/ REF. 5202462",64100,108.9,CORAL,TINTAS ACRÍLICAS > ACRÍLICAS STANDARD,10
"Tinta Vinil Acrílica Fosco Aveludado 3,6 Litros  Pintalar Pérola IQUINE /REF. 79301901",74174,42.9,IQUINE,TINTAS ACRÍLICAS > ACRÍLICAS ECONÔMICAS,11
Tinta Esmalte Acetinado 900ml Dialine Seca Rápido  Branco Gelo IQUINE / REF.144200304,74723,38.9,IQUINE,TINTAS ESMALTES > ESMALTES PREMIUM,12
"Tinta Esmalte 112,5ml Dialine Seca Rápido Branco Gelo IQUINE / REF. 62200332",74752,9.9,IQUINE,TINTAS ESMALTES > ESMALTES PREMIUM,13
"Tinta Esmalte112,5L Dialine Seca Rápido Branco neve IQUINE / REF. 62200232",74754,9.9,IQUINE,TINTAS ESMALTES > ESMALTES PREMIUM,14
Tinta Esmalte Dialine Seca Rápido 112ml Alumínio IQUINE /REF.62201132,76032,9.9,IQUINE,TINTAS ESMALTES > ESMALTES PREMIUM,15
Tinta Esmalte Brilhante Delanil Madeiras e Metais 750ml Vermelho IQUINE / REF. 195204583,979504,29.9,IQUINE,TINTAS ESMALTES > ESMALTES PREMIUM,16
Tinta Esmalte Brilhante Delanil Madeiras e Metais 750ml Vermelho Vinho IQUINE / REF. 195204683,979506,29.9,IQUINE,TINTAS ESMALTES > ESMALTES PREMIUM,17
Tinta Esmalte Alto Brilho 750ml Dialine Seca Rápido Marfim IQUINE / REF. 62202083,994401,41.9,IQUINE,TINTAS ESMALTES > ESMALTES PREMIUM,18
Tinta Esmalte Alto Brilho 750ml Dialine Seca Rápido Creme IQUINE / REF. 62202183,994409,41.9,IQUINE,TINTAS ESMALTES > ESMALTES PREMIUM,19
Tinta Vinil Acrílica Balde 15 Litros Diatex Concreto - Ref. 50301226 - IQUINE,972635,159.9,IQUINE,TINTAS ACRÍLICAS > ACRÍLICAS ECONÔMICAS,20
Tinta Vinil Acrílica Balde 15 Litros Diatex Rio das Ostras - Ref. 50318426 - IQUINE,972658,159.9,IQUINE,TINTAS ACRÍLICAS > ACRÍLICAS ECONÔMICAS,21
Tinta Esmalte Brilhante 900mL Dialine Antiferrugem Azul Del Rey - Ref. 348204804 - IQUINE,968578,59.9,IQUINE,TINTAS ESMALTES > ESMALTES PREMIUM,22
"Tinta Esmalte Brilhante 3,6 Litros Dialine Antiferrugem Azul Del Rey - Ref. 348204801 - IQUINE",968584,198.9,IQUINE,TINTAS ESMALTES > ESMALTES PREMIUM,23
"Tinta Acrílica Semibrilho 3,6L Super Lavavel Branco Neve IQUINE / REF. 10300201",74552,148.9,IQUINE,TINTAS ACRÍLICAS > ACRÍLICAS PREMIUM,24
"Janela De Correr Home 1,20x1,00m De Alumínio Natural 2 Folhas Vidro Canelado QUALITY / REF. EMC022028",980984,216.9,QUALITY,JANELAS > JANELAS DE ALUMÍNIO,1
"Janela De Correr Com Grade Home 1,00x1,00m De Alumínio Branco 2 Folhas Vidro Canelado QUALITY / REF. HOB032005",978882,278.9,QUALITY,JANELAS > JANELAS DE ALUMÍNIO,2
Janela de Correr 50x50 Home 2 Folhas Vidro Canelado com Grade Alumínio Branco QUALITY/ REF. HOB032021,981829,115.9,QUALITY,JANELAS > JANELAS DE ALUMÍNIO,3
Janela Alumínio 2 Folhas com Grade Vidro Liso 100Lx100A Soft Branco - Ref. 53591 - MGM,970338,599.9,MGM,JANELAS > JANELAS DE ALUMÍNIO,4
Janela de Correr 120x100 Home 4 Folhas Vidro Canelado com Grade Alumínio Natural QUALITY/ REF. EMC022037,981830,355.9,QUALITY,JANELAS > JANELAS DE ALUMÍNIO,5
Janela de Correr Home 4 Folhas de Vidro Canelado 150x100m Alumínio Branco QUALITY/ REF. HOB032028,981665,369.9,QUALITY,JANELAS > JANELAS DE ALUMÍNIO,6
Janela em Alumínio 2 Folhas com Grade Vidro Liso 100Lx100A Fênix Branca - Ref. 104017 - MGM,969961,399.9,MGM,JANELAS > JANELAS DE ALUMÍNIO,7
Janela em Alumínio 80x100 2 Folhas Vidro Canelado Home  QUALITY / REF. EMC022001,954905,149.9,QUALITY,JANELAS > JANELAS DE ALUMÍNIO,8
Janela de Correr Home 50x50m De Alumínio Preta 2 Folhas Vidro Liso QUALITY / REF. HOP003019,990898,109.9,QUALITY,JANELAS > JANELAS DE ALUMÍNIO,9
"Janela De Correr Com Grade Home 1,20x1,00m De Alumínio Natural 2 Folhas Vidro Canelado QUALITY / REF. EMC022036",981055,289.9,QUALITY,JANELAS > JANELAS DE ALUMÍNIO,10
Janela de Correr Home 4 Folhas de Vidro Liso 150x100m Alumínio Branco QUALITY/ REF. HOB033027,981663,369.9,QUALITY,JANELAS > JANELAS DE ALUMÍNIO,11
Janela Alumínio 100x100 2 Folhas Lisa Branca QUALITY / REF. HOB033002,978879,219.9,QUALITY,JANELAS > JANELAS DE ALUMÍNIO,12
Janela de Correr com Grade Home 4 Folhas de Vidro Canelado 200x100m Alumínio Branco QUALITY/ REF. HOB033031,981672,590.0,QUALITY,JANELAS > JANELAS DE ALUMÍNIO,13
Janela de Correr com Grade Home 4 Folhas de Vidro Canelado 150x100m Alumínio Natural QUALITY/ REF. EMC022032,981662,426.9,QUALITY,JANELAS > JANELAS DE ALUMÍNIO,14
Janela Alumínio 2 Folhas Vidro Liso 120Lx100A Soft Branco - Ref. 53589 - MGM,970339,567.9,MGM,JANELAS > JANELAS DE ALUMÍNIO,15
Janela de Correr com Grade Home 2 Folhas de Vidro Liso 120x100m Alumínio Branco QUALITY/ REF. HOB033030,981661,314.9,QUALITY,JANELAS > JANELAS DE ALUMÍNIO,16
Janela de Correr com Grade Home 4 Folhas de Vidro Canelado 150x100m Alumínio Branco QUALITY/ REF. HOB032026,981666,483.9,QUALITY,JANELAS > JANELAS DE ALUMÍNIO,17
Janela de Correr com Grade Home 4 Folhas de Vidro Canelado 200x100m Alumínio Natural QUALITY/ REF. EMC022033,981668,516.9,QUALITY,JANELAS > JANELAS DE ALUMÍNIO,18
Janela de Correr 50x50 Home 2 Folhas de vidro Liso Alumínio Branco QUALITY/ REF. HOB033019,981828,97.9,QUALITY,JANELAS > JANELAS DE ALUMÍNIO,19
Janela de Correr Home 100x80m De Alumínio Preta 2 Folhas Vidro Liso QUALITY / REF. HOP003005,990901,179.9,QUALITY,JANELAS > JANELAS DE ALUMÍNIO,20
Janela de Alumínio 4 Folhas Vidro Liso 150Lx100A Soft Branco - Ref. 53614 - MGM,970350,779.9,MGM,JANELAS > JANELAS DE ALUMÍNIO,21
Janela de Alumínio 100x100 2 Folhas com Grade Vidro Liso JCHBCL013 Branca - Ref. HOB033005 - QUALITY,978886,264.9,QUALITY,JANELAS > JANELAS DE ALUMÍNIO,22
Janela de Alumínio 2 Folhas Vidro Canelado 100x100cm Home EMC022002 - Ref.EMC022002 - QUALITY,954914,149.9,QUALITY,JANELAS > JANELAS DE ALUMÍNIO,23
"Janela De Correr Home 0,50X0,50m De Alumínio Natural 2 Folhas Vidro Canelado QUALITY / REF. EMC022005",981056,84.9,QUALITY,JANELAS > JANELAS DE ALUMÍNIO,24
Dobradiça em Ferro 3 1/2 Pino Bola com 2 Anéis Latão Oxidado - Ref. 11421 - ISERO,969192,49.9,ISERO,FERRAGENS > OUTRAS FERRAGENS,1
Dobradiça em Ferro 3 Pino Reversível Niquelado - Ref. 124002NIQ - ISERO,969296,17.9,ISERO,FERRAGENS > OUTRAS FERRAGENS,2
Dobradiça em Ferro 3 Pino Bola Latão Oxidado - Ref. 144011 - ISERO,969452,109.9,ISERO,FERRAGENS > OUTRAS FERRAGENS,3
Dobradiça Inox 3x2 1/2 Pino Chato Polido - Ref. INOX11504 - ISERO,969646,102.9,ISERO,FERRAGENS > OUTRAS FERRAGENS,4
Dobradiça Aço 3.1/2 Cartela com 3 850 Zincada - Ref.91412 - SILVANA,19636,15.9,SILVANA,FERRAGENS > ACESSÓRIOS PARA FERRAGENS,5
Dobradiça Aço 3.1/2 X 3 Cartela com 3 891 Cromada - Ref.93843 - SILVANA,42941,49.9,SILVANA,FERRAGENS > ACESSÓRIOS PARA FERRAGENS,6
Dobradiça Latão Pivoltante 80kg 360PV Cromado - Ref.58409770 - PADO,947685,154.9,PADO,FERRAGENS > ACESSÓRIOS PARA FERRAGENS,7
Dobradiça Aço 3 Cartela com 3 850 Zincada - Ref.91405 - SILVANA,19635,11.9,SILVANA,FERRAGENS > ACESSÓRIOS PARA FERRAGENS,8
Dobradiça Dupla Ferro 6 para Portão Chumbar Galvanizada - Ref. 12076 - ISERO,969264,64.9,ISERO,FERRAGENS > OUTRAS FERRAGENS,9
Dobradiça em Ferro 2 Pino Reversível Galvanizado - Ref. 122006 - ISERO,969272,12.9,ISERO,FERRAGENS > OUTRAS FERRAGENS,10
Dobradiça Galvanizada para Chumbar em Portas e Portões - Ref.11C - ISERO,970900,39.9,ISERO,FERRAGENS > OUTRAS FERRAGENS,11
Dobradiça Aço Pivotante Zincado - Ref.76340 - STAM,910335,79.9,STAM,FERRAGENS > ACESSÓRIOS PARA FERRAGENS,12
Saco De Lixo Plastico 10 Litros Com 50 Sacos Pia E Wc Preto - Ref.10120750 - Dobrasil,961738,11.9,DOBRASIL,ACESSÓRIOS DE LIMPEZA > ACESSÓRIOS PARA LIMPEZA DE USO GERAL,13
Saco De Lixo De Platisco 240 Litros Com 10 Sacos Condominio Citro Preto - Ref.101200760 - Dobrasil,961732,61.9,DOBRASIL,ACESSÓRIOS DE LIMPEZA > ACESSÓRIOS PARA LIMPEZA DE USO GERAL,14
Conector Cobre 1/2 11mm Haste Aterramento - Ref.CH1100 - INCOBRAME,90365,4.9,INCOBRAME,"CABOS, FIOS E CONECTORES > CONECTORES",15
Saco De Lixo De Platisco 110 Litros Com 5 Sacos Entulho Preto Do Brasil - Ref.10120759 - Dobrasil,961733,19.9,DOBRASIL,ACESSÓRIOS DE LIMPEZA > ACESSÓRIOS PARA LIMPEZA DE USO GERAL,16
Conector Cobre 5/8 Haste Reforçado - Ref.CH58REF - INCOBRAME,15481,5.9,INCOBRAME,"CABOS, FIOS E CONECTORES > CONECTORES",17
Carrinho de Carga Dobrável 70kg - Ref.6160070000 - VONDER,951191,522.9,VONDER,FERRAMENTAS MANUAIS > OUTRAS FERRAMENTAS MANUAIS,18
"Parafuso para Dobradiça em Aço 3,8x22 Cartela com 20 Peças Oxidado Preto Viva - Ref. 2906 - BEMFIXA ",879669,9.9,BEMFIXA,"PARAFUSOS, PORCAS E BUCHAS > PARAFUSOS",19
Respirador Descartável Dobrável 9822+BR PFF2 Azul - Ref. HB004719223 - 3M,978010,11.9,3M,EPI > MÁSCARAS DE PROTEÇÃO,20
Máscara Dobrável CG-511 PFF1 Azul - Ref. 010672910 - CARBOGRAFITE,968133,4.9,CARBOGRAFITE,EPI > MÁSCARAS DE PROTEÇÃO,21
"Parafuso para Dobradiça em Aço 4,2x25 Cartela com 20 Peças Oxidado Preto Viva - Ref. 2907 - BEMFIXA ",879670,9.9,BEMFIXA,"PARAFUSOS, PORCAS E BUCHAS > PARAFUSOS",22
Máscara Dobrável CG-531 PFF2 Cinza - Ref. 010673310 - CARBOGRAFITE,968132,0.99,CARBOGRAFITE,EPI > MÁSCARAS DE PROTEÇÃO,23
Máscara Dobrável CG-511V PFF1 Azul - Ref. 010673010 - CARBOGRAFITE,968135,7.9,CARBOGRAFITE,EPI > MÁSCARAS DE PROTEÇÃO,24
"Tinta Esmalte Embeleza Cerâmica 3,6Litros Cerâmica CORAL / Ref. 5202661",24887,179.9,CORAL,TINTAS ESMALTES > ESMALTES PREMIUM,1
Rodapé 8x45cm Cerâmica Branco GABRIELLA/ Ref.HDR131 ,918821,5.9,GABRIELLA,"ACABAMENTOS > RODAPÉS, RODATETOS E RODAMEIOS",2
Rodapé 8x45cm Cerâmica Preto GABRIELLA/ Ref.HDR132 ,918822,5.9,GABRIELLA,"ACABAMENTOS > RODAPÉS, RODATETOS E RODAMEIOS",3
Rodapé 8x45cm Cerâmica Madeirado GABRIELLA/ Ref.HDR119 ,918823,4.59,GABRIELLA,"ACABAMENTOS > RODAPÉS, RODATETOS E RODAMEIOS",4
Rodapé 8x45cm Cerâmica Bege GABRIELLA/ Ref.HDR120,918824,5.9,GABRIELLA,"ACABAMENTOS > RODAPÉS, RODATETOS E RODAMEIOS",5
Telha Capa Lateral Colonial Cerâmica - Ref.2.301.5012 - PRECONVC,947243,39.9,PRECONVC,TELHAS > TELHAS DE PVC,6
Cumeeira Colonial Central Fixa Cerâmica - Ref.2.301.5011 - PRECONVC,947207,75.9,PRECONVC,TELHAS > TELHAS DE CERÂMICA ,7
Floreira Plástico 28x38cm Cerâmica - Ref.6100401-21 - NUTRIPLAN,895744,13.9,NUTRIPLAN,ACESSÓRIOS DE JARDINAGEM > VASOS E PRATOS,8
"Telha PVC 0,86x2,30 Colonial Cerâmica - Ref.2.301.1230 - PRECONVC",936989,119.9,PRECONVC,TELHAS > TELHAS DE PVC,9
Cumeeira Espigão Inferior Plan Cerâmica PRECONVC / REF. 23015019,947225,59.9,PRECONVC,TELHAS > TELHAS DE PVC,10
"Telha Pvc 0,86x1,97 Colonial Cerâmica - Ref. 23011197 - PRECONVC",978672,109.9,PRECONVC,TELHAS > TELHAS DE PVC,11
Resina Multiuso 18Litros Cerâmica Telha HYDRONORTH / Ref. 5581,61875,998.9,HYDRONORTH,COMPLEMENTOS > RESINAS,12
Cumeeira Espigão Articulado Inferior Colonial Cerâmica - Ref.2.301.5018 - PRECONVC,947209,61.9,PRECONVC,TELHAS > TELHAS DE PVC,13
Tinta Acrílica Fosco  Diapiso  Cerâmica IQUINE  /REF. 88301804,75769,24.9,IQUINE,TINTAS ACRÍLICAS > ACRÍLICAS PREMIUM,14
Floreira Plástico 28x38cm Cerâmica - Ref. 6100503-03 - NUTRIPLAN ,885341,59.9,NUTRIPLAN,ACESSÓRIOS DE JARDINAGEM > VASOS E PRATOS,15
"Resina Multiuso 3,6Litros Cerâmica Telha HYDRONORTH / Ref. 5603",61889,223.9,HYDRONORTH,COMPLEMENTOS > RESINAS,17
Tinta Acrílica Fosco Diapiso Cerâmica IQUINE /REF. 88301801,75755,78.9,IQUINE,TINTAS ACRÍLICAS > ACRÍLICAS PREMIUM,18
Tinta Acrílica Fosco  Diapiso  Cerâmica  IQUINE  /REF. 88301805,75794,299.9,IQUINE,TINTAS ACRÍLICAS > ACRÍLICAS PREMIUM,19
Vaso Plástico 12x17cm N3 Redondo Cerâmica - Ref.6100104-03 - NUTRIPLAN,51885,8.9,NUTRIPLAN,ACESSÓRIOS DE JARDINAGEM > VASOS E PRATOS,20
Vaso Plástico 23cm N4 Redondo Cerâmica - Ref.6100106-03 - NUTRIPLAN,51990,14.9,NUTRIPLAN,ACESSÓRIOS DE JARDINAGEM > VASOS E PRATOS,21
Disco Diamantado 105mm Standard Cerâmica Liso - Ref. 2608603676000 - BOSCH,895949,35.9,BOSCH,DISCOS E REBOLOS > DISCOS DIAMANTADOS,22
"Prato Plástico 9,3cm Violeta Vaso Redondo Cerâmica - Ref.6000101-03 - NUTRIPLAN",895719,2.99,NUTRIPLAN,ACESSÓRIOS DE JARDINAGEM > VASOS E PRATOS,23
Vaso de Cerâmica 56x42cm Caymen Verde DESIGN DECOR / REF. DDC96444,992662,499.9,DESIGN DECOR,ACESSÓRIOS DE JARDINAGEM > VASOS E PRATOS,24
"Extensão Elétrica 1,2M 2P+T 4 Tomadas 10A Branca DANEVA / REF. DN1840",998562,43.9,DANEVA,"CABOS, FIOS E CONECTORES > EXTENSÕES E FILTROS DE LINHA",1
Extensão Elétrica 10M 2P 3 Tomadas 10A Grafite DANEVA / REF. DN1918,998565,72.9,DANEVA,"CABOS, FIOS E CONECTORES > EXTENSÕES E FILTROS DE LINHA",2
Churrasqueira Elétrica Grill 220v Pratic Steak CH-07 - Ref. 6770-02 - MONDIAL,976051,184.9,MONDIAL,ELETROPORTÁTEIS > CHURRASQUEIRAS ELÉTRICAS,3
Cafeteira Elétrica Pratic 20x 220v Cn-01-20x - Ref. 2645-02 - MONDIAL,975743,139.9,MONDIAL,ELETROPORTÁTEIS > CAFETEIRAS ELÉTRICAS,4
Cafeteira Elétrica 220v Dolce Aroma C32-32X-R MONDIAL / Ref. 72643-02,992599,289.9,MONDIAL,ELETROPORTÁTEIS > CAFETEIRAS ELÉTRICAS,5
Extensão Elétrica 3 Metros 2P+T 4 Tomadas 10A Branca DANEVA / REF. DN1844,998560,44.9,DANEVA,"CABOS, FIOS E CONECTORES > EXTENSÕES E FILTROS DE LINHA",6
"Fritadeira Elétrica 220v AirFryer 4,0 Litros Tamanho Médio BLACK&DECKER / Ref. AFM4-B2",999796,379.9,BLACK & DECKER,ELETROPORTÁTEIS > FRITADEIRAS ELÉTRICA,7
Extensão Elétrica 4 Tomadas em Barra 2P 10A 250V Cinza ILUMI / REF. 1634,88318,14.9,ILUMI,TOMADAS > TOMADAS SIMPLES,8
Fechadura Elétrica C90 Control Abre para Dentro Ajustável RFID Preta - Ref. 90.01.03.052 - HDL,967583,629.9,HDL,FERRAGENS > FECHADURAS,9
Fechadura Elétrica C90 Control Abre para Dentro Ajustável RFID Branco - Ref. 90.01.03.053 - HDL,967608,480.0,HDL,FERRAGENS > FECHADURAS,10
Campainha Elétrica Sem Fio Bivolt com Bateria CIB 101 Branca INTELBRAS / REF. 4522001,984293,125.9,INTELBRAS,"TOMADAS, INTERRUPTORES E CAMPAINHAS > CAMPANHIAS",11
"Extensão Elétrica 2P+T 3 Tomadas 10m 3x0,75mm Cabo PP Sort Preta - Ref.DN1914 - DANEVA",944090,55.9,DANEVA,"CABOS, FIOS E CONECTORES > EXTENSÕES E FILTROS DE LINHA",12
Cafeteira Elétrica 220V Dolce Aroma C-43-20X-SI Preto MONDIAL / REF. 72052-02,988979,219.9,MONDIAL,ELETROPORTÁTEIS > CAFETEIRAS ELÉTRICAS,13
Pistola Elétrica para Cola Quente 20-25W Bivolt com Corpo Injetado TRAMONTINA / REF. 43755/530,982529,145.9,TRAMONTINA,FERRAMENTAS ELÉTRICAS > OUTRAS FERRAMENTAS ELÉTRICAS,14
Fechadura Elétrica 12v de Sobrepor Cilindro de 40mm Abre para Dentro Preto Fosco - Ref.59327 - STAM,961216,164.9,STAM,FECHADURAS > FECHADURAS DE SOBREPOR,15
Pistola Elétrica para Cola Quente 10-12W Bivolt com Corpo Injetado TRAMONTINA / REF. 43755/510,874462,67.9,TRAMONTINA,FERRAMENTAS ELÉTRICAS > OUTRAS FERRAMENTAS ELÉTRICAS,16
"Fita Elétrica 3 Pistas 750V 20A Equivalente a 2,5mm Venda por Metro ELETROFITAS / REF. EF18.9.18-50MT",923074,36.9,ELETROFITAS,ACESSÓRIOS E CONEXÕES ELÉTRICAS > ACESSÓRIOS ELÉTRICOS DE USO GERAL,17
"Fita Elétrica 3 Pistas 750V 20A Equivalente a 2,5mm Venda por Metro ELETROFITAS / REF. EF18.9.18-100MT",923071,33.9,ELETROFITAS,ACESSÓRIOS E CONEXÕES ELÉTRICAS > ACESSÓRIOS ELÉTRICOS DE USO GERAL,18
"Fita Elétrica 2 Pistas 750V 20A Equivalente a 2,5mm  Venda por Metro ELETROFITAS / REF. EF18X2-50MT",923079,29.9,ELETROFITAS,ACESSÓRIOS E CONEXÕES ELÉTRICAS > ACESSÓRIOS ELÉTRICOS DE USO GERAL,19
Cafeteira Elétrica em Inox Dolce Arome 220v 32 Xícaras Preto C-32-32X MONDIAL / REF. 72672-02,991938,189.9,MONDIAL,ELETROPORTÁTEIS > CAFETEIRAS ELÉTRICAS,20
Cafeteira Elétrica com Jarra Térmica em Inox 25 Xicaras 750W 220V Preta BLACK E DECKER / REF. CM200I-B2,989776,299.9,BLACK & DECKER,ELETROPORTÁTEIS > CAFETEIRAS ELÉTRICAS,21
